,In-sample Accuracy,Out-of-sample Accuracy,Training Time (s)
Logistic Regression,0.91538764266037,0.9201101928374655,0.5077548027038574
SVM,0.8890200708382526,0.898989898989899,0.17138457298278809
CART,1.0,0.8631772268135904,0.03438735008239746
Random Forest,1.0,0.9054178145087236,0.49169921875
Neural Network,0.9649744195198741,0.8925619834710744,8.41624116897583
